,show_id_x,type_x,title,director_x,cast_x,country_x,date_added_x,release_year_x,rating_x,duration_x,listed_in_x,description_x,show_id_y,type_y,director_y,cast_y,country_y,date_added_y,release_year_y,rating_y,duration_y,listed_in_y,description_y
0,s1015,TV Show,PJ Masks,,"Jacob Ewaniuk, Kyle Breitkopf, Addison Holley","France, United Kingdom","April 19, 2021",2019,TV-Y,3 Seasons,Kids' TV,"Three 6-year-old kids who live normal lives during the day become superheroes at night, fighting crime as a team known as PJ Masks.",s59,TV Show,,"Kyle Breitkopf, Jacob Ursomarzo, Addison Holley","France, United Kingdom","October 20, 2021",2015,TV-Y7,5 Seasons,"Action-Adventure, Animation, Kids",Look out Night Time Baddies the PJ Masks are coming!
1,s1571,TV Show,Once Upon a Time,,"Ruby, Mohamed Farraag, Ahmed Dawood, Sawsan Badr, Arwa Gouda, Hesham Ismail, Ali Al Tayeb, Mahmoud El-Bezzawy, Heba Abdelghany, Hany Seif",Egypt,"December 9, 2020",2019,TV-14,1 Season,"International TV Shows, Romantic TV Shows, TV Dramas","Fighting to save his ancestors' mansion from demolition, Youssef unpacks a series of love stories that took place there with a journalist.",s413,TV Show,,"Ginnifer Goodwin, Jennifer Morrison, Robert Carlyle, Lana Parrilla, Jared Gilmore, Josh Dallas",United States,"September 18, 2020",2011,TV-PG,7 Seasons,"Action-Adventure, Fantasy, Soap Opera / Melodrama",Fairy tale characters inhabit a land of good and evil.
2,s2226,TV Show,Gigantosaurus,,,France,"July 18, 2020",2019,TV-Y,1 Season,Kids' TV,"Four prehistoric friends go on an array of adventures while trying to unravel a mystery about a big, fierce creature. Based on Jonny Duddle's book.",s127,TV Show,,"Dylan Schombing, Áine Sunderland, Nahanni Mitchell, Nicholas Holmes",France,"August 25, 2021",2018,TV-Y,2 Seasons,"Action-Adventure, Animation, Kids",Four dinos explore the mystery of the Gigantosaurus!
3,s2560,Movie,Becoming,Nadia Hallgren,Michelle Obama,United States,"May 6, 2020",2020,PG,89 min,Documentaries,"Join former first lady Michelle Obama in an intimate documentary looking at her life, hopes and connection with others as she tours with ""Becoming.""",s406,TV Show,,,United States,"September 18, 2020",2020,TV-PG,1 Season,"Anthology, Docuseries, Family","Becoming chronicles the origin stories of world-class entertainers, musicians and athletes."
4,s4095,Movie,Genius,Suseenthiran,"Roshan, Priyaa Lal, Aadukalam Naren, Singam Puli, Meera Krishnan, Jayaprakash",India,"February 17, 2019",2018,TV-14,96 min,"Dramas, Independent Movies, International Movies",Extreme pressure from his father to excel at school during childhood has dangerous psychological effects on a brilliant but suicidal man’s adult life.,s910,Movie,Rod Daniel,"Trevor Morgan, Emmy Rossum, Yannick Bisson, Peter Keleghan, Philip Granger, Charles Fleischer",United States,"November 12, 2019",1999,TV-G,86 min,"Comedy, Coming of Age",A teen genius juggles the roles of college student and junior high bad boy.
5,s4379,Movie,The Pixar Story,Leslie Iwerks,Stacy Keach,United States,"November 18, 2018",2007,G,89 min,Documentaries,Go behind the scenes at Pixar Animation Studios with this Emmy-nominated documentary tracing the creation and history of the groundbreaking company.,s13,Movie,Leslie Iwerks,"Stacy Keach, John Lasseter, Brad Bird, John Musker, Ron Clements, Frank Thomas",United States,"November 19, 2021",2007,G,91 min,"Documentary, Family",A groundbreaking company forever changes the face of filmmaking.
6,s4738,Movie,The Blue Umbrella,Vishal Bhardwaj,"Pankaj Kapur, Shreya Sharma, Dolly Ahluwalia, Deepak Dobriyal, Rahul Kumar, Paramjit Singh Kakran, Piu Dutt, Samrat Mukherjee",India,"August 2, 2018",2005,TV-PG,90 min,"Children & Family Movies, Dramas, Independent Movies","A charming allegory based on a novella by Ruskin Bond, this visually stunning film from India explores themes of greed, loneliness, longing and loss.",s1259,Movie,Saschka Unseld,Sarah Jaffe,United States,"November 12, 2019",2013,G,7 min,"Animation, Family, Kids",Two unlikely umbrellas fall eternally in love.
7,s4785,Movie,White Fang,Alexandre Espigares,"Nick Offerman, Rashida Jones, Paul Giamatti, Eddie Spears, David Boat, Sean Kenin, Raquel Antonia, Daniel Hagen, Stephen Kramer Glickman, William Calvert, Jason Grasl, Armando Riesco","France, Luxembourg, United States","July 6, 2018",2018,TV-PG,88 min,"Children & Family Movies, Dramas",A loyal wolfdog's curiosity leads him on the adventure of a lifetime while serving a series of three distinctly different masters.,s1405,Movie,Randal Kleiser,"Klaus Brandauer, Ethan Hawke, Seymour Cassel, James Remar, Susan Hogan, Suzanne Kent",United States,"November 12, 2019",1991,PG,109 min,"Action-Adventure, Animals & Nature, Drama",A tale of a young man's journey through the treacherous Yukon Valley with the wolf-dog he rescues.
8,s4858,TV Show,Inspector Gadget,,"Ivan Sherry, Tara Strong, Martin Roach, Scott McCord, Lyon Smith, Derek McGrath","Canada, United States, France","May 18, 2018",2017,TV-Y7,4 Seasons,"Crime TV Shows, Kids' TV, TV Comedies","Inspector Gadget is back and must face his old enemy, the evil Dr. Claw, who has reactivated MAD, his global crime syndicate.",s963,Movie,David Kellogg,"Matthew Broderick, Rupert Everett, Joely Fisher, Michelle Trachtenberg, Michael Hagerty, Andy Dick",United States,"November 12, 2019",1999,PG,80 min,"Action-Adventure, Comedy, Family",A security guard's dreams come true when he is transformed into the ultimate crime-fighting tool.
9,s5268,Movie,The Bad Batch,Ana Lily Amirpour,"Suki Waterhouse, Jason Momoa, Keanu Reeves, Jim Carrey, Giovanni Ribisi, Yolonda Ross",United States,"September 22, 2017",2016,R,119 min,"Dramas, Independent Movies, Thrillers","Banished to a wasteland of undesirables, a young woman struggles to find her feet among a drug-soaked desert society and an enclave of cannibals.",s234,TV Show,,Dee Bradley Baker,,"May 4, 2021",2021,TV-PG,1 Season,"Action-Adventure, Animation, Science Fiction",The Bad Batch must find their way in a rapidly changing galaxy.
10,s5622,Movie,Zapped,Peter DeLuise,"Zendaya, Chanelle Peloso, Spencer Boldman, Emilia McCarthy, Adam DiMarco, William Ainscough, Aleks Paunovic, Lucia Walters","Canada, United States","February 1, 2017",2014,TV-Y,92 min,"Children & Family Movies, Comedies",A girl discovers a dog-training app that can get boys to obey her every command. But she soon learns that it isn't the cure-all she had hoped for.,s1425,Movie,Peter DeLuise,"Zendaya , Chanelle Peloso, Spencer Boldman, Emilia McCarthy, Adam DiMarco, William Ainscough","Canada, United States","November 12, 2019",2014,TV-G,95 min,"Comedy, Coming of Age, Science Fiction",Zoey discovers a magical app that can control the boys in her life.
11,s6066,Movie,A Wrinkle in Time,Ava DuVernay,"Storm Reid, Oprah Winfrey, Reese Witherspoon, Mindy Kaling, Deric McCabe, Levi Miller, Chris Pine, Gugu Mbatha-Raw, Zach Galifianakis, Michael Peña, Bellamy Young, André Holland, Will McCormack, Rowan Blanchard, Daniel MacPherson",United States,"September 25, 2018",2018,PG,110 min,Children & Family Movies,"Years after their father disappears, Meg and her younger brother Charles Wallace cross galaxies on a quest to save him from the heart of darkness.",s600,Movie,Ava DuVernay,"Oprah Winfrey, Reese Witherspoon, Mindy Kaling, Storm Reid, Levi Miller, Deric McCabe",United States,"March 25, 2020",2018,PG,112 min,"Action-Adventure, Coming of Age, Family",Meg travels through time and space to find her father.
12,s6150,Movie,Amy,Asif Kapadia,"Amy Winehouse, Lauren Gilbert",United Kingdom,"July 26, 2018",2015,R,128 min,"Documentaries, International Movies, Music & Musicals",Rare home videos and interviews with Amy Winehouse's inner circle offer an intimate look at her journey from charismatic teen to troubled star.,s727,Movie,Vincent McEveety,"Jenny Agutter, Barry Newman, Kathleen Nolan, Chris Robinson, Lou Fant, Margaret O'Brien",United States,"November 12, 2019",1981,G,100 min,"Drama, Family",A young woman takes a job as a teacher in a backwoods school for the deaf.
13,s6272,Movie,Bedtime Stories,Adam Shankman,"Adam Sandler, Keri Russell, Guy Pearce, Russell Brand, Richard Griffiths, Jonathan Pryce, Courteney Cox, Lucy Lawless, Teresa Palmer, Aisha Tyler, Laura Ann Kesling, Jackie Sandler, Lorna Scott, Dana Min Goodman, Andrew Collins, Jonathan Loughran, Jonathan Morgan Heit, Nick Swardson, Tim Herlihy, Billy Tyler, Johntae Lipscomb, Mikey Post, Sebastian Saraceno, Bill Romanowski, Sadie Sandler, Carmen Electra, Allen Covert, Kathryn Joosten, Annalise Basso, Blake Clark, Julia Lea Wolov, Sarah G. Buxton",United States,"March 5, 2019",2008,PG,100 min,"Children & Family Movies, Comedies",Skeeter's life is turned upside down when the fantastical stories he makes up to entertain his niece and nephew inexplicably turn into reality.,s609,Movie,Adam Shankman,"Adam Sandler, Keri Russell, Guy Pearce, Russell Brand, Richard Griffiths, Jonathan Pryce",United States,"March 5, 2020",2008,PG,101 min,"Comedy, Family, Fantasy",A hotel handyman's bedtime stories go from fantasy to reality.
14,s6273,Movie,Before the Flood,Fisher Stevens,Leonardo DiCaprio,United States,"February 1, 2018",2016,PG,97 min,Documentaries,Leonardo DiCaprio crisscrosses the globe to investigate the consequences of man-made globe warming and the measures being taken to reverse it.,s747,Movie,Fisher Stevens,"Leonardo DiCaprio, John Kerry, Barack Obama, Bill Clinton",United States,"November 12, 2019",2016,TV-14,96 min,Documentary,Leonardo DiCaprio searches for answers on the issue of climate change.
15,s6355,Movie,Bolt,"Byron Howard, Chris Williams","John Travolta, Miley Cyrus, Susie Essman, Mark Walton, Malcolm McDowell, James Lipton, Greg Germann, Diedrich Bader, Nick Swardson, J.P. Manoux, Dan Fogelman, Kari Wahlgren, Chloë Grace Moretz, Randy Savage, Ronn Moss, John DiMaggio, Daran Norris, Jeff Bennett, Brian Stepanek, Todd Cummings",United States,"July 22, 2018",2008,PG,99 min,"Children & Family Movies, Comedies","This tale follows German shepherd Bolt, a canine actor who makes a cross-country trek when he's mistakenly shipped from Hollywood to New York City.",s756,Movie,"Chris Williams, Byron Howard","John Travolta, Miley Cyrus, Susie Essman, Mark Walton, Malcolm McDowell, James Lipton",United States,"November 12, 2019",2008,PG,98 min,"Action-Adventure, Animation, Comedy",Hollywood's smallest star embarks on a paws-itively awesome adventure!
16,s6369,TV Show,Brain Games,,Jason Silva,United States," March 15, 2019",2016,TV-G,3 Seasons,"Docuseries, Science & Nature TV","This interactive series uses games, illusions and experiments to illustrate how our brains manufacture our reality and often play tricks on us.",s558,TV Show,,Neil Harris,United States,"April 17, 2020",2011,TV-G,8 Seasons,"Docuseries, Family, Game Show / Competition",Brain Games features games & experiments revealing the science of how your brain works.
17,s6467,Movie,Chicken Little,Mark Dindal,"Zach Braff, Joan Cusack, Patrick Stewart, Steve Zahn, Catherine O'Hara, Harry Shearer, Adam West, Don Knotts, Amy Sedaris, Garry Marshall, Patrick Warburton, Fred Willard, Wallace Shawn",United States,"March 16, 2016",2005,G,82 min,"Children & Family Movies, Comedies",No one believes Chicken Little when he tries to warn of an alien invasion – so it's up to him and his misfit friends to save the world!,s790,Movie,Mark Dindal,"Zach Braff, Garry Marshall, Don Knotts, Patrick Stewart, Amy Sedaris, Steve Zahn",United States,"November 12, 2019",2005,G,84 min,"Animation, Comedy, Disaster","When disaster strikes, Chicken Little hatches a plan to save the day."
18,s6482,Movie,Christopher Robin,Marc Forster,"Ewan McGregor, Hayley Atwell, Bronte Carmichael, Mark Gatiss, Jim Cummings, Brad Garrett, Nick Mohammed, Peter Capaldi",United States,"March 5, 2019",2018,PG,104 min,"Children & Family Movies, Comedies, Dramas","Now a careworn middle-aged man, Christopher Robin goes on a familiar adventure when his old pal Winnie the Pooh brings him to the Hundred Acre Wood.",s416,Movie,Marc Forster,"Ewan McGregor, Hayley Atwell, Bronte Carmichael, Mark Gatiss, Oliver Davies, Ronke Adekoluejo","United Kingdom, United States","September 11, 2020",2018,PG,109 min,"Drama, Family, Fantasy",Pooh leaves the Hundred Acre Wood to help grown-up Christopher Robin.
19,s6781,Movie,For the Birds,Richard Miron,Kathy Murphy,United States,"September 1, 2019",2018,TV-MA,93 min,Documentaries,"A woman with a passion for fowl keeps a menagerie of birds that draws the ire of neighbors, animal rights advocates and even her own family.",s897,Movie,Ralph Eggleston,,United States,"November 12, 2019",2001,G,4 min,"Animation, Comedy, Family",Small birds mock a big bird who tries to sit with them
20,s6819,Movie,G-Force,Hoyt Yeatman,"Bill Nighy, Will Arnett, Zach Galifianakis, Kelli Garner, Tyler Patrick Jones, Piper Mackenzie Harris, Gabriel Casseus, Jack Conley, Niecy Nash, Justin Mentell, Nicolas Cage, Sam Rockwell, Jon Favreau, Penélope Cruz, Steve Buscemi, Tracy Morgan",United States,"March 15, 2019",2009,PG,88 min,"Children & Family Movies, Comedies","When a billionaire sets out to take over the world, only one special forces unit can handle the job – a squad of highly trained guinea pigs.",s604,Movie,Hoyt Yeatman IV,"Bill Nighy, Will Arnett, Zach Galifianakis, Kelli Garner, Tyler Jones, Jack Conley",United States,"March 15, 2020",2009,PG,92 min,"Action-Adventure, Comedy, Family",Four highly trained FBI guinea pigs set out to save the world.
21,s6838,Movie,George of the Jungle 2,David Grossman,"Christopher Showerman, Julie Benz, Angus T. Jones, Thomas Haden Church, Christina Pickles, John Cleese, Michael Clarke Duncan, John Kassir, Kevin Greutert, Keith Scott","United States, Australia","December 20, 2016",2003,PG,87 min,"Children & Family Movies, Comedies","Now married and raising a son, clumsy ape-man George finds his jungle kingdom in peril as Really Mean Lion challenges him for the throne.",s678,Movie,David Grossman,"Thomas Church, Julie Benz, Christina Pickles, Angus Jones, Kelly Miller, John Kassir","United States, Australia","December 20, 2019",2003,PG,89 min,"Action-Adventure, Comedy, Family","George must rescue his family, then save the jungle from becoming mulch."
22,s6869,TV Show,Goldie & Bear,,"Natalie Lander, Georgie Kidder",United States," October 31, 2018",2017,TV-Y,2 Seasons,Kids' TV,"Best pals Goldie and Bear, from ""Goldilocks and the Three Bears,"" join other characters from beloved stories for adventures in the Fairy Tale Forest.",s373,TV Show,,"Georgie Kidder, Justine Huxley, Natalie Lander, Jim Cummings, David Kaufman, David Lodge",United States,"November 6, 2020",2015,TV-Y,2 Seasons,"Action-Adventure, Animation, Buddy",Goldie and Bear go on adventures in Fairytale Forest.
23,s7137,Movie,John Carter,Andrew Stanton,"Taylor Kitsch, Lynn Collins, Samantha Morton, Willem Dafoe, Thomas Haden Church, Mark Strong, Ciarán Hinds, Dominic West, James Purefoy, Bryan Cranston, Polly Walker, Daryl Sabara, Art Malik, Eileen Page, Amanda Clayton, Davood Ghadami, Daniel O'Meara, Jill Baker, Josh Daugherty, Oliver Boot, Philip Arditti, Arkie Reece, Joe Billingiere, Don Stark, Darwin Shaw, Figs Jackman, David Schwimmer, Emma Clifford, Christopher Goodman, Cate Fowler, Sean Carrigan, Dusty Sorg, Steven Cree, Phil Cheadle, Holly Weston, Nicholas Woodeson, Rupert Frazer, Edmund Kente",United States,"May 2, 2019",2012,PG-13,133 min,"Action & Adventure, Sci-Fi & Fantasy","One minute, Civil War veteran John Carter is evading Apaches; the next, he's waking up on Mars, a once-fruitful planet that's devolved into chaos.",s532,Movie,Andrew Stanton,"Taylor Kitsch, Lynn Collins, Samantha Morton, Mark Strong, Ciarán Hinds, Dominic West",United States,"May 2, 2020",2012,PG-13,134 min,"Action-Adventure, Family, Fantasy",A former military captain is inexplicably transported to Barsoom (Mars).
24,s7322,TV Show,Liv and Maddie,,"Dove Cameron, Joey Bragg, Tenzing Norgay Trainor, Kali Rocha, Benjamin King",United States,"April 23, 2017",2017,TV-G,4 Seasons,"Kids' TV, TV Comedies","After four years in Hollywood as a television star, Liv returns to Wisconsin to discover that either she – or her family – has changed.",s243,TV Show,,"Dove Cameron, Joey Bragg, Tenzing Norgay Trainor, Kali Rocha, Benjamin King",United States,"April 23, 2021",2013,TV-G,4 Seasons,"Comedy, Coming of Age, Kids",The series follows 15-year-old twins Liv and Maddie.
25,s7416,Movie,Marvel's Iron Man & Hulk: Heroes United,"Leo Riley, Eric Radomski","Adrian Pasdar, Fred Tatasciore, Dee Bradley Baker, Robin Atkin Downes, David Kaye",United States,"February 16, 2014",2013,PG,72 min,"Action & Adventure, Sci-Fi & Fantasy","When scientists join Hulk's gamma energy with Tony Stark's Arc Reactor, the resulting force creates a foe that only the two Marvel heroes can combat.",s620,Movie,Leo Riley,"Adrian Pasdar, Fred Tatasciore, David Kaye, Dee Baker, Robin Downes",United States,"February 16, 2020",2013,PG,74 min,"Action-Adventure, Animation, Science Fiction",Avengers Iron Man and Hulk team up to fight an energy-devouring monster.
26,s7418,Movie,Mary Poppins Returns,Rob Marshall,"Emily Blunt, Lin-Manuel Miranda, Ben Whishaw, Emily Mortimer, Pixie Davies, Nathanael Saleh, Joel Dawson, Julie Walters, Meryl Streep, Colin Firth, Dick Van Dyke","United States, United Kingdom","July 9, 2019",2018,PG,131 min,"Children & Family Movies, Music & Musicals","In 1930s London, Michael Banks and his three children get some help turning their topsy-turvy world around when his magical childhood nanny reappears.",s315,Movie,Rob Marshall,"Emily Blunt, Lin-Manuel Miranda, Ben Whishaw, Emily Mortimer, Julie Walters, Pixie Davies","United States, United Kingdom","January 15, 2021",2018,PG,140 min,"Family, Fantasy, Musical",Mary Poppins is back to help the Banks family in this reimagined classic.
27,s7461,Movie,Miracle,Gavin O'Connor,"Kurt Russell, Patricia Clarkson, Noah Emmerich, Sean McCann, Kenneth Welsh, Eddie Cahill, Patrick O'Brien Demsey, Michael Mantenuto, Nathan West, Kenneth Mitchell, Sam Skoryna, Billy Schneider, Michael Kopsa, Beverley Breuer, Lisa Marie Caruk, Ryan Walter, Nate Miller, Joseph Cure, Scott Johnson, Eric Peter-Kaiser, Bobby Hanson","Canada, United States","June 1, 2018",2004,PG,136 min,"Children & Family Movies, Dramas, Sports Movies",U.S. hockey coach Herb Brooks unites a motley crew of college athletes and turns them into a force to be reckoned with at the 1980 Winter Olympics.,s1084,Movie,Gavin O'Connor,"Kurt Russell, Patricia Clarkson, Noah Emmerich, Sean McCann, Kenneth Welsh, Eddie Cahill","Canada, United States","November 12, 2019",2004,PG,137 min,"Drama, Historical, Sports",The story of the 1980 U.S. Olympic hockey team's win over a seemingly invincible Soviet squad.
28,s7527,Movie,Muppets Most Wanted,James Bobin,"Ricky Gervais, Ty Burrell, Tina Fey, Kermit the Frog, Miss Piggy, Fozzie Bear, Gonzo, Muppets, Steve Whitmire, Eric Jacobson, Dave Goelz, Bill Barretta, David Rudman, Matt Vogel, Peter Linz",United States,"September 1, 2020",2014,PG,110 min,"Children & Family Movies, Comedies","In the middle of their global tour, the Muppets inadvertently get mixed up in a perilous drama involving a gang of international jewel thieves.",s1100,Movie,James Bobin,"Ricky Gervais, Ty Burrell, Tina Fey, Steve Whitmire, Eric Jacobson, Dave Goelz",United States,"November 12, 2019",2014,PG,111 min,"Action-Adventure, Comedy, Family",The Muppets find themselves entangled in an international crime caper.
29,s7565,Movie,National Treasure,Jon Turteltaub,"Nicolas Cage, Diane Kruger, Justin Bartha, Sean Bean, Jon Voight, Harvey Keitel, Christopher Plummer",United States,"June 1, 2018",2004,PG,131 min,"Action & Adventure, Children & Family Movies","Modern treasure hunters search for a chest of riches rumored to have been stashed away by George Washington, Thomas Jefferson and Benjamin Franklin.",s552,Movie,Jon Turteltaub,"Nicolas Cage, Jon Voight, Harvey Keitel, Diane Kruger, Sean Bean, Justin Bartha",United States,"April 30, 2020",2004,PG,132 min,"Action-Adventure, Mystery, Thriller",A treasure hunter must steal America's most sacred and guarded document.
30,s7667,TV Show,One Strange Rock,,Will Smith,United States,"February 2, 2019",2018,TV-PG,1 Season,"Docuseries, Science & Nature TV","Hosted by Will Smith, this series follows eight astronauts who share their unique perspectives on Earth, the fragile and beautiful planet we call home.",s669,TV Show,,Will Smith,United States,"January 1, 2020",2017,TV-PG,1 Season,"Animals & Nature, Docuseries, Family","Hosted by Will Smith, One Strange Rock reveals the twists of fate that allow life to thrive on Earth"
31,s7741,Movie,Pick of the Litter,"Dana Nachman, Don Hardy Jr.",,United States,"August 2, 2020",2018,TV-PG,81 min,"Children & Family Movies, Documentaries",Five Labrador puppies embark on a 20-month training to pass the milestones on their journey to becoming guide dogs for people with visual impairment.,s680,TV Show,,,United States,"December 20, 2019",2019,TV-PG,1 Season,"Animals & Nature, Docuseries, Family",Watch an adorable group of six dogs on their quest to become guides for Guide Dogs for the Blind.
32,s7817,Movie,Race to Witch Mountain,Andy Fickman,"Dwayne Johnson, AnnaSophia Robb, Alexander Ludwig, Carla Gugino, Ciarán Hinds, Tom Everett Scott, Chris Marquette, Billy Brown, Christine Lakin, Tom Woodruff Jr., John Kassir, Garry Marshall, John Duff, Ted Hartley, Dave Engfer, Bob Clendenin, Shengyi Huang, Robert Torti, Kim Richards, Brandon Miller, Paul Darnell, Omar Dorsey, Dennis Hayden, Suzanne Krull, Steve Rosenbaum, Andrew Shaifer, Bryan Fogel, Bob Koherr, Sam Wolfson, Beth Kennedy, Corri English, Jonathan Slavin, Kevin Christy, Meredith Salenger",United States,"July 1, 2019",2009,PG,99 min,Children & Family Movies,A sister and brother with special powers are on the run from a mysterious organization that wants to take advantage of the siblings' gifts.,s484,Movie,Andy Fickman,"Dwayne Johnson, AnnaSophia Robb, Carla Gugino, Ciarán Hinds, Alexander Ludwig, Tom Scott",United States,"July 3, 2020",2009,PG,100 min,"Action-Adventure, Family, Science Fiction",A Las Vegas cab driver helps two aliens disguised as teens get home to save their planet... and ours.
33,s7950,Movie,Saving Mr. Banks,John Lee Hancock,"Emma Thompson, Tom Hanks, Paul Giamatti, Jason Schwartzman, Colin Farrell, Bradley Whitford, Annie Buckley, Ruth Wilson, B.J. Novak, Rachel Griffiths, Kathy Baker, Melanie Paxson, Andy McPhee, Jerry Hauck, Mia Serafino, Michelle Arthur, Demetrius Grosse, Steven Cabral, David Ross Paterson, Ronan Vibert, Luke Baines, Dendrie Taylor, Laura Waddell, Paul Tassone","United States, United Kingdom, Australia","March 2, 2019",2013,PG-13,126 min,"Comedies, Dramas","When Walt Disney sets his sights on obtaining the rights to the children's classic ""Mary Poppins,"" the book's author proves a tough nut to crack.",s1180,Movie,John Hancock,"Emma Thompson, Tom Hanks, Colin Farrell, Paul Giamatti, Jason Schwartzman, Bradley Whitford","United States, United Kingdom, Australia","November 12, 2019",2013,PG-13,129 min,"Biographical, Drama, Historical","Discover the untold story behind Walt Disney's 20-year effort to bring ""Mary Poppins"" to life."
34,s8052,Movie,Solo: A Star Wars Story,Ron Howard,"Alden Ehrenreich, Woody Harrelson, Emilia Clarke, Donald Glover, Joonas Suotamo, Thandie Newton, Phoebe Waller-Bridge, Paul Bettany",United States,"January 9, 2019",2018,PG-13,135 min,"Action & Adventure, Children & Family Movies, Sci-Fi & Fantasy","A young Han Solo tries to settle an old score with the help of his new buddy Chewbacca, a crew of space smugglers and a cunning old friend.",s477,Movie,Ron Howard,"Alden Ehrenreich, Woody Harrelson, Emilia Clarke, Donald Glover, Thandie Newton, Phoebe Waller-Bridge",United States,"July 10, 2020",2018,PG-13,135 min,"Action-Adventure, Crime, Science Fiction",Witness the beginning of the Star Wars saga's most unlikely hero.
35,s8152,Movie,Tarzan,"Chris Buck, Kevin Lima","Tony Goldwyn, Minnie Driver, Glenn Close, Brian Blessed, Nigel Hawthorne, Rosie O'Donnell, Lance Henriksen, Wayne Knight, Alex D. Linz",United States,"June 23, 2018",1999,G,89 min,Children & Family Movies,"After being shipwrecked off the African coast, a lone child grows up in the wild, and is destined to become lord of the jungle.",s493,Movie,"Kevin Lima, Chris Buck","Tony Goldwyn, Minnie Driver, Glenn Close, Alex Linz, Rosie O'Donnell, Brian Blessed",United States,"June 26, 2020",1999,G,93 min,"Action-Adventure, Animation, Coming of Age","Adopted by gorillas, Tarzan’s life changes forever when he meets other humans."
36,s8374,TV Show,The Jungle Book,,"Emma Tate, Jimmy Hibbert, Sam Gold, David Holt, Joseph J. Terry","India, Germany, France","May 11, 2019",2010,TV-Y7,1 Season,Kids' TV,"This animated series follows young Mowgli and his animal mentors Bagheera and Baloo, who do their best to protect him from fierce tiger Shere Khan.",s499,Movie,Jon Favreau,"Bill Murray, Ben Kingsley, Idris Elba, Lupita Nyong'o, Scarlett Johansson, Giancarlo Esposito","United Kingdom, United States","June 19, 2020",2016,PG,108 min,"Action-Adventure, Coming of Age, Family",A man-cub who’s been raised by a family of wolves eludes a dangerous tiger.
37,s8395,Movie,The Little Mermaid,"Blake Harris, Chris Bouchard","William Moseley, Poppy Drayton, Loreto Peralta, Armando Gutierrez, Shirley MacLaine, Gina Gershon, Shanna Collins, Chris Yong, Jo Marie Payton, Tom Nowicki",United States,"December 1, 2018",2018,PG,85 min,"Children & Family Movies, Dramas","In this take on the classic tale, a captive circus mermaid transforms the lives of a skeptical journalist and his wide-eyed young sister.",s1298,Movie,"Ron Clements, John Musker","René Auberjonois, Christopher Barnes, Jodi Benson, Pat Carroll, Paddi Edwards, Buddy Hackett",United States,"November 12, 2019",1989,G,86 min,"Animation, Family, Fantasy",Dive into Disney fun with Ariel in The Little Mermaid.
38,s8431,Movie,The Muppets,James Bobin,"Jason Segel, Amy Adams, Chris Cooper, Rashida Jones, Kermit the Frog, Miss Piggy, Fozzie Bear, Gonzo, Muppets, Steve Whitmire, Eric Jacobson, Dave Goelz, Bill Barretta, David Rudman, Matt Vogel, Peter Linz",United States,"September 1, 2020",2011,PG,104 min,"Children & Family Movies, Comedies","When the Muppets learn that their beloved theater is slated for demolition, the gang reunite to raise the $10 million they need to save it.",s1311,Movie,James Bobin,"Jason Segel, Amy Adams, Chris Cooper, Rashida Jones, Steve Whitmire, Eric Jacobson",United States,"November 12, 2019",2011,PG,108 min,"Comedy, Family, Kids",The Muppets' biggest fan reunites the gang to save their beloved theater.
39,s8442,Movie,The Nutcracker and the Four Realms,"Lasse Hallström, Joe Johnston","Mackenzie Foy, Keira Knightley, Helen Mirren, Morgan Freeman, Matthew Macfadyen, Eugenio Derbez, Miranda Hart, Jack Whitehall, Ellie Bamber, Richard E. Grant, Omid Djalili, Tom Sweet, Misty Copeland, Sergei Polunin, Meera Syal",United States,"May 28, 2019",2018,PG,99 min,Children & Family Movies,"When her late mother gifts her a key, Clara embarks on a dreamlike journey full of fantasy and conflict in this retelling of the holiday classic.",s351,Movie,"Lasse Hallström, Joe Johnston","Keira Knightley, Mackenzie Foy, Eugenio Derbez, Jayden Fowora-Knight, Matthew Macfadyen, Richard Grant",United States,"December 4, 2020",2018,PG,101 min,"Action-Adventure, Family, Fantasy",From Disney comes the reimagined tale of The Nutcracker.
40,s8456,Movie,The Pirate Fairy,Peggy Holmes,"Mae Whitman, Christina Hendricks, Tom Hiddleston, Lucy Liu, Raven-Symoné, Megan Hilty, Pamela Adlon, Angela Bartys, Jim Cummings, Carlos Ponce, Mick Wingert, Kevin Michael Richardson, Jeff Bennett, Rob Paulsen, Grey DeLisle, Kari Wahlgren, Jane Horrocks, Jesse McCartney, Anjelica Huston",United States,"June 15, 2014",2014,G,78 min,Children & Family Movies,"In this spritely tale, Tinker Bell and her friends set out to find free-spirited fairy Zarina after she makes off with some precious Blue Pixie Dust.",s500,Movie,Peggy Holmes,"Mae Whitman, Christina Hendricks, Tom Hiddleston, Lucy Liu, Raven-Symoné , Megan Hilty",United States,"June 19, 2020",2014,G,78 min,"Action-Adventure, Animation, Family",Tinker Bell and friends face the pirates of Skull Rock to save a friend.
41,s8467,Movie,The Princess and the Frog,"Ron Clements, John Musker","Anika Noni Rose, Bruno Campos, Keith David, Michael-Leon Wooley, Jennifer Cody, Jim Cummings, Peter Bartlett, Jenifer Lewis, Oprah Winfrey, Terrence Howard, John Goodman, Emeril Lagasse, June Christopher, Paul Briggs, Rob Edwards, John Kassir, Fred Tatasciore, Kimberly Russell, Rif Hutton, Randy Newman, Bridget Hoffman, Corey Burton, Joe Whyte, Michael Colyar, Bruce Smith, Terri Douglas, Claudette Wells, Roger Aaron Brown, Mona Marshall, Terence Blanchard, Kwesi Boakye, Mick Wingert, David Cowgill, Peter Renaday, John Musker, Ritchie Montgomery, Jerry Kernion, Philip Proctor, Eddie Frierson",United States,"July 16, 2019",2009,G,98 min,Children & Family Movies,"In New Orleans during the Jazz Age, a beautiful girl named Tiana has a fateful encounter with frog prince who desperately wants to be human again.",s1322,Movie,"John Musker, Ron Clements","Anika Rose, Bruno Campos, Keith David, Michael-Leon Wooley, Jennifer Cody, Jim Cummings",United States,"November 12, 2019",2009,G,99 min,"Animation, Comedy, Family",A fateful kiss with a frog sends Tiana on a mystical bayou adventure.
42,s8595,Movie,Tinker Bell and the Legend of the NeverBeast,Steve Loter,"Ginnifer Goodwin, Mae Whitman, Rosario Dawson, Lucy Liu, Pamela Adlon, Raven-Symoné, Megan Hilty, Kari Wahlgren, Anjelica Huston, Jeff Corwin, Olivia Holt, Thomas Lennon, Chloe Bennet, Danai Gurira, Grey DeLisle, Peter Michael",United States,"May 17, 2015",2014,G,78 min,Children & Family Movies,"When suspicious scout fairies scheme to capture the fearsome-looking NeverBeast, Tinker Bell and Fawn set out to save the wondrous creature.",s221,Movie,Steve Loter,"Ginnifer Goodwin, Mae Whitman, Rosario Dawson, Lucy Liu, Raven-Symoné , Megan Hilty",United States,"May 21, 2021",2014,G,79 min,"Action-Adventure, Animation, Fantasy",Tink and her friends risk everything to rescue the mysterious NeverBeast.
